-- phpMyAdmin SQL Dump
-- version 5.1.1
-- https://www.phpmyadmin.net/
--
-- Servidor: 127.0.0.1:3307
-- Tiempo de generación: 14-07-2022 a las 19:07:42
-- Versión del servidor: 10.4.22-MariaDB
-- Versión de PHP: 7.4.27

SET SQL_MODE = "NO_AUTO_VALUE_ON_ZERO";
START TRANSACTION;
SET time_zone = "+00:00";


/*!40101 SET @OLD_CHARACTER_SET_CLIENT=@@CHARACTER_SET_CLIENT */;
/*!40101 SET @OLD_CHARACTER_SET_RESULTS=@@CHARACTER_SET_RESULTS */;
/*!40101 SET @OLD_COLLATION_CONNECTION=@@COLLATION_CONNECTION */;
/*!40101 SET NAMES utf8mb4 */;

--
-- Base de datos: `oes`
--

-- --------------------------------------------------------

--
-- Estructura de tabla para la tabla `departamentos`
--

CREATE TABLE `departamentos` (
  `id` bigint(20) UNSIGNED NOT NULL,
  `departamento` varchar(255) COLLATE utf8mb4_unicode_ci NOT NULL,
  `created_at` timestamp NULL DEFAULT NULL,
  `updated_at` timestamp NULL DEFAULT NULL
) ENGINE=InnoDB DEFAULT CHARSET=utf8mb4 COLLATE=utf8mb4_unicode_ci;

--
-- Volcado de datos para la tabla `departamentos`
--

INSERT INTO `departamentos` (`id`, `departamento`, `created_at`, `updated_at`) VALUES
(5, 'ANTIOQUIA', NULL, NULL),
(8, 'ATLÁNTICO', NULL, NULL),
(11, 'BOGOTÁ', NULL, NULL),
(13, 'BOLÍVAR', NULL, NULL),
(15, 'BOYACÁ', NULL, NULL),
(17, 'CALDAS', NULL, NULL),
(18, 'CAQUETÁ', NULL, NULL),
(19, 'CAUCA', NULL, NULL),
(20, 'CESAR', NULL, NULL),
(23, 'CÓRDOBA', NULL, NULL),
(25, 'CUNDINAMARCA', NULL, NULL),
(27, 'CHOCÓ', NULL, NULL),
(41, 'HUILA', NULL, NULL),
(44, 'LA GUAJIRA', NULL, NULL),
(47, 'MAGDALENA', NULL, NULL),
(50, 'META', NULL, NULL),
(52, 'NARIÑO', NULL, NULL),
(54, 'NORTE DE SANTANDER', NULL, NULL),
(63, 'QUINDÍO', NULL, NULL),
(66, 'RISARALDA', NULL, NULL),
(68, 'SANTANDER', NULL, NULL),
(70, 'SUCRE', NULL, NULL),
(73, 'TOLIMA', NULL, NULL),
(76, 'VALLE DEL CAUCA', NULL, NULL),
(81, 'ARAUCA', NULL, NULL),
(85, 'CASANARE', NULL, NULL),
(86, 'PUTUMAYO', NULL, NULL),
(88, 'ARCHIPIÉLAGO DE SAN ANDRÉS', NULL, NULL),
(91, 'AMAZONAS', NULL, NULL),
(94, 'GUAINÍA', NULL, NULL),
(95, 'GUAVIARE', NULL, NULL),
(97, 'VAUPÉS', NULL, NULL),
(99, 'VICHADA', NULL, NULL);

-- --------------------------------------------------------

--
-- Estructura de tabla para la tabla `failed_jobs`
--

CREATE TABLE `failed_jobs` (
  `id` bigint(20) UNSIGNED NOT NULL,
  `uuid` varchar(255) COLLATE utf8mb4_unicode_ci NOT NULL,
  `connection` text COLLATE utf8mb4_unicode_ci NOT NULL,
  `queue` text COLLATE utf8mb4_unicode_ci NOT NULL,
  `payload` longtext COLLATE utf8mb4_unicode_ci NOT NULL,
  `exception` longtext COLLATE utf8mb4_unicode_ci NOT NULL,
  `failed_at` timestamp NOT NULL DEFAULT current_timestamp()
) ENGINE=InnoDB DEFAULT CHARSET=utf8mb4 COLLATE=utf8mb4_unicode_ci;

-- --------------------------------------------------------

--
-- Estructura de tabla para la tabla `migrations`
--

CREATE TABLE `migrations` (
  `id` int(10) UNSIGNED NOT NULL,
  `migration` varchar(255) COLLATE utf8mb4_unicode_ci NOT NULL,
  `batch` int(11) NOT NULL
) ENGINE=InnoDB DEFAULT CHARSET=utf8mb4 COLLATE=utf8mb4_unicode_ci;

--
-- Volcado de datos para la tabla `migrations`
--

INSERT INTO `migrations` (`id`, `migration`, `batch`) VALUES
(1, '2014_10_12_000000_create_users_table', 1),
(2, '2014_10_12_100000_create_password_resets_table', 1),
(3, '2019_08_19_000000_create_failed_jobs_table', 1),
(4, '2019_12_14_000001_create_personal_access_tokens_table', 1),
(5, '2022_06_28_162844_create_users_inscription_table', 2),
(6, '2022_06_28_162844_create_users_inscriptions_table', 3),
(7, '2022_06_30_140920_create_departamentos_table', 4),
(8, '2022_06_30_141029_create_municipios_table', 4),
(9, '2022_06_30_201652_create_departamentos_table', 5),
(10, '2022_06_30_202538_create_departamentos_table', 6),
(11, '2022_07_01_142324_create_preguntas_table', 7),
(12, '2022_07_01_143600_create_respuestas_table', 8),
(13, '2022_07_01_150534_create_respuestas_table', 9);

-- --------------------------------------------------------

--
-- Estructura de tabla para la tabla `municipios`
--

CREATE TABLE `municipios` (
  `id` bigint(20) UNSIGNED NOT NULL,
  `municipio` varchar(255) COLLATE utf8mb4_unicode_ci NOT NULL,
  `id_departamento` int(11) NOT NULL,
  `created_at` timestamp NULL DEFAULT NULL,
  `updated_at` timestamp NULL DEFAULT NULL
) ENGINE=InnoDB DEFAULT CHARSET=utf8mb4 COLLATE=utf8mb4_unicode_ci;

--
-- Volcado de datos para la tabla `municipios`
--

INSERT INTO `municipios` (`id`, `municipio`, `id_departamento`, `created_at`, `updated_at`) VALUES
(1, 'MEDELLÍN', 5, NULL, NULL),
(2, 'ABEJORRAL', 5, NULL, NULL),
(3, 'ABRIAQUÍ', 5, NULL, NULL),
(4, 'ALEJANDRÍA', 5, NULL, NULL),
(5, 'AMAGÁ', 5, NULL, NULL),
(6, 'AMALFI', 5, NULL, NULL),
(7, 'ANDES', 5, NULL, NULL),
(8, 'ANGELÓPOLIS', 5, NULL, NULL),
(9, 'ANGOSTURA', 5, NULL, NULL),
(10, 'ANORÍ', 5, NULL, NULL),
(11, 'SANTA FÉ DE ANTIOQUIA', 5, NULL, NULL),
(12, 'ANZÁ', 5, NULL, NULL),
(13, 'APARTADÓ', 5, NULL, NULL),
(14, 'ARBOLETES', 5, NULL, NULL),
(15, 'ARGELIA', 5, NULL, NULL),
(16, 'ARMENIA', 5, NULL, NULL),
(17, 'BARBOSA', 5, NULL, NULL),
(18, 'BELMIRA', 5, NULL, NULL),
(19, 'BELLO', 5, NULL, NULL),
(20, 'BETANIA', 5, NULL, NULL),
(21, 'BETULIA', 5, NULL, NULL),
(22, 'CIUDAD BOLÍVAR', 5, NULL, NULL),
(23, 'BRICEÑO', 5, NULL, NULL),
(24, 'BURITICÁ', 5, NULL, NULL),
(25, 'CÁCERES', 5, NULL, NULL),
(26, 'CAICEDO', 5, NULL, NULL),
(27, 'CALDAS', 5, NULL, NULL),
(28, 'CAMPAMENTO', 5, NULL, NULL),
(29, 'CAÑASGORDAS', 5, NULL, NULL),
(30, 'CARACOLÍ', 5, NULL, NULL),
(31, 'CARAMANTA', 5, NULL, NULL),
(32, 'CAREPA', 5, NULL, NULL),
(33, 'EL CARMEN DE VIBORAL', 5, NULL, NULL),
(34, 'CAROLINA', 5, NULL, NULL),
(35, 'CAUCASIA', 5, NULL, NULL),
(36, 'CHIGORODÓ', 5, NULL, NULL),
(37, 'CISNEROS', 5, NULL, NULL),
(38, 'COCORNÁ', 5, NULL, NULL),
(39, 'CONCEPCIÓN', 5, NULL, NULL),
(40, 'CONCORDIA', 5, NULL, NULL),
(41, 'COPACABANA', 5, NULL, NULL),
(42, 'DABEIBA', 5, NULL, NULL),
(43, 'DONMATÍAS', 5, NULL, NULL),
(44, 'EBÉJICO', 5, NULL, NULL),
(45, 'EL BAGRE', 5, NULL, NULL),
(46, 'ENTRERRÍOS', 5, NULL, NULL),
(47, 'ENVIGADO', 5, NULL, NULL),
(48, 'FREDONIA', 5, NULL, NULL),
(49, 'FRONTINO', 5, NULL, NULL),
(50, 'GIRALDO', 5, NULL, NULL),
(51, 'GIRARDOTA', 5, NULL, NULL),
(52, 'GÓMEZ PLATA', 5, NULL, NULL),
(53, 'GRANADA', 5, NULL, NULL),
(54, 'GUADALUPE', 5, NULL, NULL),
(55, 'GUARNE', 5, NULL, NULL),
(56, 'GUATAPÉ', 5, NULL, NULL),
(57, 'HELICONIA', 5, NULL, NULL),
(58, 'HISPANIA', 5, NULL, NULL),
(59, 'ITAGÜÍ', 5, NULL, NULL),
(60, 'ITUANGO', 5, NULL, NULL),
(61, 'JARDÍN', 5, NULL, NULL),
(62, 'JERICÓ', 5, NULL, NULL),
(63, 'LA CEJA', 5, NULL, NULL),
(64, 'LA ESTRELLA', 5, NULL, NULL),
(65, 'LA PINTADA', 5, NULL, NULL),
(66, 'LA UNIÓN', 5, NULL, NULL),
(67, 'LIBORINA', 5, NULL, NULL),
(68, 'MACEO', 5, NULL, NULL),
(69, 'MARINILLA', 5, NULL, NULL),
(70, 'MONTEBELLO', 5, NULL, NULL),
(71, 'MURINDÓ', 5, NULL, NULL),
(72, 'MUTATÁ', 5, NULL, NULL),
(73, 'NARIÑO', 5, NULL, NULL),
(74, 'NECOCLÍ', 5, NULL, NULL),
(75, 'NECHÍ', 5, NULL, NULL),
(76, 'OLAYA', 5, NULL, NULL),
(77, 'PEÑOL', 5, NULL, NULL),
(78, 'PEQUE', 5, NULL, NULL),
(79, 'PUEBLORRICO', 5, NULL, NULL),
(80, 'PUERTO BERRÍO', 5, NULL, NULL),
(81, 'PUERTO NARE', 5, NULL, NULL),
(82, 'PUERTO TRIUNFO', 5, NULL, NULL),
(83, 'REMEDIOS', 5, NULL, NULL),
(84, 'RETIRO', 5, NULL, NULL),
(85, 'RIONEGRO', 5, NULL, NULL),
(86, 'SABANALARGA', 5, NULL, NULL),
(87, 'SABANETA', 5, NULL, NULL),
(88, 'SALGAR', 5, NULL, NULL),
(89, 'SAN ANDRÉS DE CUERQUÍA', 5, NULL, NULL),
(90, 'SAN CARLOS', 5, NULL, NULL),
(91, 'SAN FRANCISCO', 5, NULL, NULL),
(92, 'SAN JERÓNIMO', 5, NULL, NULL),
(93, 'SAN JOSÉ DE LA MONTAÑA', 5, NULL, NULL),
(94, 'SAN JUAN DE URABÁ', 5, NULL, NULL),
(95, 'SAN LUIS', 5, NULL, NULL),
(96, 'SAN PEDRO DE LOS MILAGROS', 5, NULL, NULL),
(97, 'SAN PEDRO DE URABÁ', 5, NULL, NULL),
(98, 'SAN RAFAEL', 5, NULL, NULL),
(99, 'SAN ROQUE', 5, NULL, NULL),
(100, 'SAN VICENTE FERRER', 5, NULL, NULL),
(101, 'SANTA BÁRBARA', 5, NULL, NULL),
(102, 'SANTA ROSA DE OSOS', 5, NULL, NULL),
(103, 'SANTO DOMINGO', 5, NULL, NULL),
(104, 'EL SANTUARIO', 5, NULL, NULL),
(105, 'SEGOVIA', 5, NULL, NULL),
(106, 'SONSÓN', 5, NULL, NULL),
(107, 'SOPETRÁN', 5, NULL, NULL),
(108, 'TÁMESIS', 5, NULL, NULL),
(109, 'TARAZÁ', 5, NULL, NULL),
(110, 'TARSO', 5, NULL, NULL),
(111, 'TITIRIBÍ', 5, NULL, NULL),
(112, 'TOLEDO', 5, NULL, NULL),
(113, 'TURBO', 5, NULL, NULL),
(114, 'URAMITA', 5, NULL, NULL),
(115, 'URRAO', 5, NULL, NULL),
(116, 'VALDIVIA', 5, NULL, NULL),
(117, 'VALPARAÍSO', 5, NULL, NULL),
(118, 'VEGACHÍ', 5, NULL, NULL),
(119, 'VENECIA', 5, NULL, NULL),
(120, 'VIGÍA DEL FUERTE', 5, NULL, NULL),
(121, 'YALÍ', 5, NULL, NULL),
(122, 'YARUMAL', 5, NULL, NULL),
(123, 'YOLOMBÓ', 5, NULL, NULL),
(124, 'YONDÓ', 5, NULL, NULL),
(125, 'ZARAGOZA', 5, NULL, NULL),
(126, 'BARRANQUILLA', 8, NULL, NULL),
(127, 'BARANOA', 8, NULL, NULL),
(128, 'CAMPO DE LA CRUZ', 8, NULL, NULL),
(129, 'CANDELARIA', 8, NULL, NULL),
(130, 'GALAPA', 8, NULL, NULL),
(131, 'JUAN DE ACOSTA', 8, NULL, NULL),
(132, 'LURUACO', 8, NULL, NULL),
(133, 'MALAMBO', 8, NULL, NULL),
(134, 'MANATÍ', 8, NULL, NULL),
(135, 'PALMAR DE VARELA', 8, NULL, NULL),
(136, 'PIOJÓ', 8, NULL, NULL),
(137, 'POLONUEVO', 8, NULL, NULL),
(138, 'PONEDERA', 8, NULL, NULL),
(139, 'PUERTO COLOMBIA', 8, NULL, NULL),
(140, 'REPELÓN', 8, NULL, NULL),
(141, 'SABANAGRANDE', 8, NULL, NULL),
(142, 'SABANALARGA', 8, NULL, NULL),
(143, 'SANTA LUCÍA', 8, NULL, NULL),
(144, 'SANTO TOMÁS', 8, NULL, NULL),
(145, 'SOLEDAD', 8, NULL, NULL),
(146, 'SUAN', 8, NULL, NULL),
(147, 'TUBARÁ', 8, NULL, NULL),
(148, 'USIACURÍ', 8, NULL, NULL),
(149, 'BOGOTÁ', 11, NULL, NULL),
(150, 'CARTAGENA DE INDIAS', 13, NULL, NULL),
(151, 'ACHÍ', 13, NULL, NULL),
(152, 'ALTOS DEL ROSARIO', 13, NULL, NULL),
(153, 'ARENAL', 13, NULL, NULL),
(154, 'ARJONA', 13, NULL, NULL),
(155, 'ARROYOHONDO', 13, NULL, NULL),
(156, 'BARRANCO DE LOBA', 13, NULL, NULL),
(157, 'CALAMAR', 13, NULL, NULL),
(158, 'CANTAGALLO', 13, NULL, NULL),
(159, 'CICUCO', 13, NULL, NULL),
(160, 'CÓRDOBA', 13, NULL, NULL),
(161, 'CLEMENCIA', 13, NULL, NULL),
(162, 'EL CARMEN DE BOLÍVAR', 13, NULL, NULL),
(163, 'EL GUAMO', 13, NULL, NULL),
(164, 'EL PEÑÓN', 13, NULL, NULL),
(165, 'HATILLO DE LOBA', 13, NULL, NULL),
(166, 'MAGANGUÉ', 13, NULL, NULL),
(167, 'MAHATES', 13, NULL, NULL),
(168, 'MARGARITA', 13, NULL, NULL),
(169, 'MARÍA LA BAJA', 13, NULL, NULL),
(170, 'MONTECRISTO', 13, NULL, NULL),
(171, 'MOMPÓS', 13, NULL, NULL),
(172, 'MORALES', 13, NULL, NULL),
(173, 'NOROSÍ', 13, NULL, NULL),
(174, 'PINILLOS', 13, NULL, NULL),
(175, 'REGIDOR', 13, NULL, NULL),
(176, 'RÍO VIEJO', 13, NULL, NULL),
(177, 'SAN CRISTÓBAL', 13, NULL, NULL),
(178, 'SAN ESTANISLAO', 13, NULL, NULL),
(179, 'SAN FERNANDO', 13, NULL, NULL),
(180, 'SAN JACINTO', 13, NULL, NULL),
(181, 'SAN JACINTO DEL CAUCA', 13, NULL, NULL),
(182, 'SAN JUAN NEPOMUCENO', 13, NULL, NULL),
(183, 'SAN MARTÍN DE LOBA', 13, NULL, NULL),
(184, 'SAN PABLO', 13, NULL, NULL),
(185, 'SANTA CATALINA', 13, NULL, NULL),
(186, 'SANTA ROSA', 13, NULL, NULL),
(187, 'SANTA ROSA DEL SUR', 13, NULL, NULL),
(188, 'SIMITÍ', 13, NULL, NULL),
(189, 'SOPLAVIENTO', 13, NULL, NULL),
(190, 'TALAIGUA NUEVO', 13, NULL, NULL),
(191, 'TIQUISIO', 13, NULL, NULL),
(192, 'TURBACO', 13, NULL, NULL),
(193, 'TURBANÁ', 13, NULL, NULL),
(194, 'VILLANUEVA', 13, NULL, NULL),
(195, 'ZAMBRANO', 13, NULL, NULL),
(196, 'TUNJA', 15, NULL, NULL),
(197, 'ALMEIDA', 15, NULL, NULL),
(198, 'AQUITANIA', 15, NULL, NULL),
(199, 'ARCABUCO', 15, NULL, NULL),
(200, 'BELÉN', 15, NULL, NULL),
(201, 'BERBEO', 15, NULL, NULL),
(202, 'BETÉITIVA', 15, NULL, NULL),
(203, 'BOAVITA', 15, NULL, NULL),
(204, 'BOYACÁ', 15, NULL, NULL),
(205, 'BRICEÑO', 15, NULL, NULL),
(206, 'BUENAVISTA', 15, NULL, NULL),
(207, 'BUSBANZÁ', 15, NULL, NULL),
(208, 'CALDAS', 15, NULL, NULL),
(209, 'CAMPOHERMOSO', 15, NULL, NULL),
(210, 'CERINZA', 15, NULL, NULL),
(211, 'CHINAVITA', 15, NULL, NULL),
(212, 'CHIQUINQUIRÁ', 15, NULL, NULL),
(213, 'CHISCAS', 15, NULL, NULL),
(214, 'CHITA', 15, NULL, NULL),
(215, 'CHITARAQUE', 15, NULL, NULL),
(216, 'CHIVATÁ', 15, NULL, NULL),
(217, 'CIÉNEGA', 15, NULL, NULL),
(218, 'CÓMBITA', 15, NULL, NULL),
(219, 'COPER', 15, NULL, NULL),
(220, 'CORRALES', 15, NULL, NULL),
(221, 'COVARACHÍA', 15, NULL, NULL),
(222, 'CUBARÁ', 15, NULL, NULL),
(223, 'CUCAITA', 15, NULL, NULL),
(224, 'CUÍTIVA', 15, NULL, NULL),
(225, 'CHÍQUIZA', 15, NULL, NULL),
(226, 'CHIVOR', 15, NULL, NULL),
(227, 'DUITAMA', 15, NULL, NULL),
(228, 'EL COCUY', 15, NULL, NULL),
(229, 'EL ESPINO', 15, NULL, NULL),
(230, 'FIRAVITOBA', 15, NULL, NULL),
(231, 'FLORESTA', 15, NULL, NULL),
(232, 'GACHANTIVÁ', 15, NULL, NULL),
(233, 'GÁMEZA', 15, NULL, NULL),
(234, 'GARAGOA', 15, NULL, NULL),
(235, 'GUACAMAYAS', 15, NULL, NULL),
(236, 'GUATEQUE', 15, NULL, NULL),
(237, 'GUAYATÁ', 15, NULL, NULL),
(238, 'GÜICÁN DE LA SIERRA', 15, NULL, NULL),
(239, 'IZA', 15, NULL, NULL),
(240, 'JENESANO', 15, NULL, NULL),
(241, 'JERICÓ', 15, NULL, NULL),
(242, 'LABRANZAGRANDE', 15, NULL, NULL),
(243, 'LA CAPILLA', 15, NULL, NULL),
(244, 'LA VICTORIA', 15, NULL, NULL),
(245, 'LA UVITA', 15, NULL, NULL),
(246, 'VILLA DE LEYVA', 15, NULL, NULL),
(247, 'MACANAL', 15, NULL, NULL),
(248, 'MARIPÍ', 15, NULL, NULL),
(249, 'MIRAFLORES', 15, NULL, NULL),
(250, 'MONGUA', 15, NULL, NULL),
(251, 'MONGUÍ', 15, NULL, NULL),
(252, 'MONIQUIRÁ', 15, NULL, NULL),
(253, 'MOTAVITA', 15, NULL, NULL),
(254, 'MUZO', 15, NULL, NULL),
(255, 'NOBSA', 15, NULL, NULL),
(256, 'NUEVO COLÓN', 15, NULL, NULL),
(257, 'OICATÁ', 15, NULL, NULL),
(258, 'OTANCHE', 15, NULL, NULL),
(259, 'PACHAVITA', 15, NULL, NULL),
(260, 'PÁEZ', 15, NULL, NULL),
(261, 'PAIPA', 15, NULL, NULL),
(262, 'PAJARITO', 15, NULL, NULL),
(263, 'PANQUEBA', 15, NULL, NULL),
(264, 'PAUNA', 15, NULL, NULL),
(265, 'PAYA', 15, NULL, NULL),
(266, 'PAZ DE RÍO', 15, NULL, NULL),
(267, 'PESCA', 15, NULL, NULL),
(268, 'PISBA', 15, NULL, NULL),
(269, 'PUERTO BOYACÁ', 15, NULL, NULL),
(270, 'QUÍPAMA', 15, NULL, NULL),
(271, 'RAMIRIQUÍ', 15, NULL, NULL),
(272, 'RÁQUIRA', 15, NULL, NULL),
(273, 'RONDÓN', 15, NULL, NULL),
(274, 'SABOYÁ', 15, NULL, NULL),
(275, 'SÁCHICA', 15, NULL, NULL),
(276, 'SAMACÁ', 15, NULL, NULL),
(277, 'SAN EDUARDO', 15, NULL, NULL),
(278, 'SAN JOSÉ DE PARE', 15, NULL, NULL),
(279, 'SAN LUIS DE GACENO', 15, NULL, NULL),
(280, 'SAN MATEO', 15, NULL, NULL),
(281, 'SAN MIGUEL DE SEMA', 15, NULL, NULL),
(282, 'SAN PABLO DE BORBUR', 15, NULL, NULL),
(283, 'SANTANA', 15, NULL, NULL),
(284, 'SANTA MARÍA', 15, NULL, NULL),
(285, 'SANTA ROSA DE VITERBO', 15, NULL, NULL),
(286, 'SANTA SOFÍA', 15, NULL, NULL),
(287, 'SATIVANORTE', 15, NULL, NULL),
(288, 'SATIVASUR', 15, NULL, NULL),
(289, 'SIACHOQUE', 15, NULL, NULL),
(290, 'SOATÁ', 15, NULL, NULL),
(291, 'SOCOTÁ', 15, NULL, NULL),
(292, 'SOCHA', 15, NULL, NULL),
(293, 'SOGAMOSO', 15, NULL, NULL),
(294, 'SOMONDOCO', 15, NULL, NULL),
(295, 'SORA', 15, NULL, NULL),
(296, 'SOTAQUIRÁ', 15, NULL, NULL),
(297, 'SORACÁ', 15, NULL, NULL),
(298, 'SUSACÓN', 15, NULL, NULL),
(299, 'SUTAMARCHÁN', 15, NULL, NULL),
(300, 'SUTATENZA', 15, NULL, NULL),
(301, 'TASCO', 15, NULL, NULL),
(302, 'TENZA', 15, NULL, NULL),
(303, 'TIBANÁ', 15, NULL, NULL),
(304, 'TIBASOSA', 15, NULL, NULL),
(305, 'TINJACÁ', 15, NULL, NULL),
(306, 'TIPACOQUE', 15, NULL, NULL),
(307, 'TOCA', 15, NULL, NULL),
(308, 'TOGÜÍ', 15, NULL, NULL),
(309, 'TÓPAGA', 15, NULL, NULL),
(310, 'TOTA', 15, NULL, NULL),
(311, 'TUNUNGUÁ', 15, NULL, NULL),
(312, 'TURMEQUÉ', 15, NULL, NULL),
(313, 'TUTA', 15, NULL, NULL),
(314, 'TUTAZÁ', 15, NULL, NULL),
(315, 'ÚMBITA', 15, NULL, NULL),
(316, 'VENTAQUEMADA', 15, NULL, NULL),
(317, 'VIRACACHÁ', 15, NULL, NULL),
(318, 'ZETAQUIRA', 15, NULL, NULL),
(319, 'MANIZALES', 17, NULL, NULL),
(320, 'AGUADAS', 17, NULL, NULL),
(321, 'ANSERMA', 17, NULL, NULL),
(322, 'ARANZAZU', 17, NULL, NULL),
(323, 'BELALCÁZAR', 17, NULL, NULL),
(324, 'CHINCHINÁ', 17, NULL, NULL),
(325, 'FILADELFIA', 17, NULL, NULL),
(326, 'LA DORADA', 17, NULL, NULL),
(327, 'LA MERCED', 17, NULL, NULL),
(328, 'MANZANARES', 17, NULL, NULL),
(329, 'MARMATO', 17, NULL, NULL),
(330, 'MARQUETALIA', 17, NULL, NULL),
(331, 'MARULANDA', 17, NULL, NULL),
(332, 'NEIRA', 17, NULL, NULL),
(333, 'NORCASIA', 17, NULL, NULL),
(334, 'PÁCORA', 17, NULL, NULL),
(335, 'PALESTINA', 17, NULL, NULL),
(336, 'PENSILVANIA', 17, NULL, NULL),
(337, 'RIOSUCIO', 17, NULL, NULL),
(338, 'RISARALDA', 17, NULL, NULL),
(339, 'SALAMINA', 17, NULL, NULL),
(340, 'SAMANÁ', 17, NULL, NULL),
(341, 'SAN JOSÉ', 17, NULL, NULL),
(342, 'SUPÍA', 17, NULL, NULL),
(343, 'VICTORIA', 17, NULL, NULL),
(344, 'VILLAMARÍA', 17, NULL, NULL),
(345, 'VITERBO', 17, NULL, NULL),
(346, 'FLORENCIA', 18, NULL, NULL),
(347, 'ALBANIA', 18, NULL, NULL),
(348, 'BELÉN DE LOS ANDAQUÍES', 18, NULL, NULL),
(349, 'CARTAGENA DEL CHAIRÁ', 18, NULL, NULL),
(350, 'CURILLO', 18, NULL, NULL),
(351, 'EL DONCELLO', 18, NULL, NULL),
(352, 'EL PAUJÍL', 18, NULL, NULL),
(353, 'LA MONTAÑITA', 18, NULL, NULL),
(354, 'MILÁN', 18, NULL, NULL),
(355, 'MORELIA', 18, NULL, NULL),
(356, 'PUERTO RICO', 18, NULL, NULL),
(357, 'SAN JOSÉ DEL FRAGUA', 18, NULL, NULL),
(358, 'SAN VICENTE DEL CAGUÁN', 18, NULL, NULL),
(359, 'SOLANO', 18, NULL, NULL),
(360, 'SOLITA', 18, NULL, NULL),
(361, 'VALPARAÍSO', 18, NULL, NULL),
(362, 'POPAYÁN', 19, NULL, NULL),
(363, 'ALMAGUER', 19, NULL, NULL),
(364, 'ARGELIA', 19, NULL, NULL),
(365, 'BALBOA', 19, NULL, NULL),
(366, 'BOLÍVAR', 19, NULL, NULL),
(367, 'BUENOS AIRES', 19, NULL, NULL),
(368, 'CAJIBÍO', 19, NULL, NULL),
(369, 'CALDONO', 19, NULL, NULL),
(370, 'CALOTO', 19, NULL, NULL),
(371, 'CORINTO', 19, NULL, NULL),
(372, 'EL TAMBO', 19, NULL, NULL),
(373, 'FLORENCIA', 19, NULL, NULL),
(374, 'GUACHENÉ', 19, NULL, NULL),
(375, 'GUAPI', 19, NULL, NULL),
(376, 'INZÁ', 19, NULL, NULL),
(377, 'JAMBALÓ', 19, NULL, NULL),
(378, 'LA SIERRA', 19, NULL, NULL),
(379, 'LA VEGA', 19, NULL, NULL),
(380, 'LÓPEZ DE MICAY', 19, NULL, NULL),
(381, 'MERCADERES', 19, NULL, NULL),
(382, 'MIRANDA', 19, NULL, NULL),
(383, 'MORALES', 19, NULL, NULL),
(384, 'PADILLA', 19, NULL, NULL),
(385, 'PÁEZ', 19, NULL, NULL),
(386, 'PATÍA', 19, NULL, NULL),
(387, 'PIAMONTE', 19, NULL, NULL),
(388, 'PIENDAMÓ - TUNÍA', 19, NULL, NULL),
(389, 'PUERTO TEJADA', 19, NULL, NULL),
(390, 'PURACÉ', 19, NULL, NULL),
(391, 'ROSAS', 19, NULL, NULL),
(392, 'SAN SEBASTIÁN', 19, NULL, NULL),
(393, 'SANTANDER DE QUILICHAO', 19, NULL, NULL),
(394, 'SANTA ROSA', 19, NULL, NULL),
(395, 'SILVIA', 19, NULL, NULL),
(396, 'SOTARÁ PAISPAMBA', 19, NULL, NULL),
(397, 'SUÁREZ', 19, NULL, NULL),
(398, 'SUCRE', 19, NULL, NULL),
(399, 'TIMBÍO', 19, NULL, NULL),
(400, 'TIMBIQUÍ', 19, NULL, NULL),
(401, 'TORIBÍO', 19, NULL, NULL),
(402, 'TOTORÓ', 19, NULL, NULL),
(403, 'VILLA RICA', 19, NULL, NULL),
(404, 'VALLEDUPAR', 20, NULL, NULL),
(405, 'AGUACHICA', 20, NULL, NULL),
(406, 'AGUSTÍN CODAZZI', 20, NULL, NULL),
(407, 'ASTREA', 20, NULL, NULL),
(408, 'BECERRIL', 20, NULL, NULL),
(409, 'BOSCONIA', 20, NULL, NULL),
(410, 'CHIMICHAGUA', 20, NULL, NULL),
(411, 'CHIRIGUANÁ', 20, NULL, NULL),
(412, 'CURUMANÍ', 20, NULL, NULL),
(413, 'EL COPEY', 20, NULL, NULL),
(414, 'EL PASO', 20, NULL, NULL),
(415, 'GAMARRA', 20, NULL, NULL),
(416, 'GONZÁLEZ', 20, NULL, NULL),
(417, 'LA GLORIA', 20, NULL, NULL),
(418, 'LA JAGUA DE IBIRICO', 20, NULL, NULL),
(419, 'MANAURE BALCÓN DEL CESAR', 20, NULL, NULL),
(420, 'PAILITAS', 20, NULL, NULL),
(421, 'PELAYA', 20, NULL, NULL),
(422, 'PUEBLO BELLO', 20, NULL, NULL),
(423, 'RÍO DE ORO', 20, NULL, NULL),
(424, 'LA PAZ', 20, NULL, NULL),
(425, 'SAN ALBERTO', 20, NULL, NULL),
(426, 'SAN DIEGO', 20, NULL, NULL),
(427, 'SAN MARTÍN', 20, NULL, NULL),
(428, 'TAMALAMEQUE', 20, NULL, NULL),
(429, 'MONTERÍA', 23, NULL, NULL),
(430, 'AYAPEL', 23, NULL, NULL),
(431, 'BUENAVISTA', 23, NULL, NULL),
(432, 'CANALETE', 23, NULL, NULL),
(433, 'CERETÉ', 23, NULL, NULL),
(434, 'CHIMÁ', 23, NULL, NULL),
(435, 'CHINÚ', 23, NULL, NULL),
(436, 'CIÉNAGA DE ORO', 23, NULL, NULL),
(437, 'COTORRA', 23, NULL, NULL),
(438, 'LA APARTADA', 23, NULL, NULL),
(439, 'LORICA', 23, NULL, NULL),
(440, 'LOS CÓRDOBAS', 23, NULL, NULL),
(441, 'MOMIL', 23, NULL, NULL),
(442, 'MONTELÍBANO', 23, NULL, NULL),
(443, 'MOÑITOS', 23, NULL, NULL),
(444, 'PLANETA RICA', 23, NULL, NULL),
(445, 'PUEBLO NUEVO', 23, NULL, NULL),
(446, 'PUERTO ESCONDIDO', 23, NULL, NULL),
(447, 'PUERTO LIBERTADOR', 23, NULL, NULL),
(448, 'PURÍSIMA DE LA CONCEPCIÓN', 23, NULL, NULL),
(449, 'SAHAGÚN', 23, NULL, NULL),
(450, 'SAN ANDRÉS DE SOTAVENTO', 23, NULL, NULL),
(451, 'SAN ANTERO', 23, NULL, NULL),
(452, 'SAN BERNARDO DEL VIENTO', 23, NULL, NULL),
(453, 'SAN CARLOS', 23, NULL, NULL),
(454, 'SAN JOSÉ DE URÉ', 23, NULL, NULL),
(455, 'SAN PELAYO', 23, NULL, NULL),
(456, 'TIERRALTA', 23, NULL, NULL),
(457, 'TUCHÍN', 23, NULL, NULL),
(458, 'VALENCIA', 23, NULL, NULL),
(459, 'AGUA DE DIOS', 25, NULL, NULL),
(460, 'ALBÁN', 25, NULL, NULL),
(461, 'ANAPOIMA', 25, NULL, NULL),
(462, 'ANOLAIMA', 25, NULL, NULL),
(463, 'ARBELÁEZ', 25, NULL, NULL),
(464, 'BELTRÁN', 25, NULL, NULL),
(465, 'BITUIMA', 25, NULL, NULL),
(466, 'BOJACÁ', 25, NULL, NULL),
(467, 'CABRERA', 25, NULL, NULL),
(468, 'CACHIPAY', 25, NULL, NULL),
(469, 'CAJICÁ', 25, NULL, NULL),
(470, 'CAPARRAPÍ', 25, NULL, NULL),
(471, 'CÁQUEZA', 25, NULL, NULL),
(472, 'CARMEN DE CARUPA', 25, NULL, NULL),
(473, 'CHAGUANÍ', 25, NULL, NULL),
(474, 'CHÍA', 25, NULL, NULL),
(475, 'CHIPAQUE', 25, NULL, NULL),
(476, 'CHOACHÍ', 25, NULL, NULL),
(477, 'CHOCONTÁ', 25, NULL, NULL),
(478, 'COGUA', 25, NULL, NULL),
(479, 'COTA', 25, NULL, NULL),
(480, 'CUCUNUBÁ', 25, NULL, NULL),
(481, 'EL COLEGIO', 25, NULL, NULL),
(482, 'EL PEÑÓN', 25, NULL, NULL),
(483, 'EL ROSAL', 25, NULL, NULL),
(484, 'FACATATIVÁ', 25, NULL, NULL),
(485, 'FÓMEQUE', 25, NULL, NULL),
(486, 'FOSCA', 25, NULL, NULL),
(487, 'FUNZA', 25, NULL, NULL),
(488, 'FÚQUENE', 25, NULL, NULL),
(489, 'FUSAGASUGÁ', 25, NULL, NULL),
(490, 'GACHALÁ', 25, NULL, NULL),
(491, 'GACHANCIPÁ', 25, NULL, NULL),
(492, 'GACHETÁ', 25, NULL, NULL),
(493, 'GAMA', 25, NULL, NULL),
(494, 'GIRARDOT', 25, NULL, NULL),
(495, 'GRANADA', 25, NULL, NULL),
(496, 'GUACHETÁ', 25, NULL, NULL),
(497, 'GUADUAS', 25, NULL, NULL),
(498, 'GUASCA', 25, NULL, NULL),
(499, 'GUATAQUÍ', 25, NULL, NULL),
(500, 'GUATAVITA', 25, NULL, NULL),
(501, 'GUAYABAL DE SÍQUIMA', 25, NULL, NULL),
(502, 'GUAYABETAL', 25, NULL, NULL),
(503, 'GUTIÉRREZ', 25, NULL, NULL),
(504, 'JERUSALÉN', 25, NULL, NULL),
(505, 'JUNÍN', 25, NULL, NULL),
(506, 'LA CALERA', 25, NULL, NULL),
(507, 'LA MESA', 25, NULL, NULL),
(508, 'LA PALMA', 25, NULL, NULL),
(509, 'LA PEÑA', 25, NULL, NULL),
(510, 'LA VEGA', 25, NULL, NULL),
(511, 'LENGUAZAQUE', 25, NULL, NULL),
(512, 'MACHETÁ', 25, NULL, NULL),
(513, 'MADRID', 25, NULL, NULL),
(514, 'MANTA', 25, NULL, NULL),
(515, 'MEDINA', 25, NULL, NULL),
(516, 'MOSQUERA', 25, NULL, NULL),
(517, 'NARIÑO', 25, NULL, NULL),
(518, 'NEMOCÓN', 25, NULL, NULL),
(519, 'NILO', 25, NULL, NULL),
(520, 'NIMAIMA', 25, NULL, NULL),
(521, 'NOCAIMA', 25, NULL, NULL),
(522, 'VENECIA', 25, NULL, NULL),
(523, 'PACHO', 25, NULL, NULL),
(524, 'PAIME', 25, NULL, NULL),
(525, 'PANDI', 25, NULL, NULL),
(526, 'PARATEBUENO', 25, NULL, NULL),
(527, 'PASCA', 25, NULL, NULL),
(528, 'PUERTO SALGAR', 25, NULL, NULL),
(529, 'PULÍ', 25, NULL, NULL),
(530, 'QUEBRADANEGRA', 25, NULL, NULL),
(531, 'QUETAME', 25, NULL, NULL),
(532, 'QUIPILE', 25, NULL, NULL),
(533, 'APULO', 25, NULL, NULL),
(534, 'RICAURTE', 25, NULL, NULL),
(535, 'SAN ANTONIO DEL TEQUENDAMA', 25, NULL, NULL),
(536, 'SAN BERNARDO', 25, NULL, NULL),
(537, 'SAN CAYETANO', 25, NULL, NULL),
(538, 'SAN FRANCISCO', 25, NULL, NULL),
(539, 'SAN JUAN DE RIOSECO', 25, NULL, NULL),
(540, 'SASAIMA', 25, NULL, NULL),
(541, 'SESQUILÉ', 25, NULL, NULL),
(542, 'SIBATÉ', 25, NULL, NULL),
(543, 'SILVANIA', 25, NULL, NULL),
(544, 'SIMIJACA', 25, NULL, NULL),
(545, 'SOACHA', 25, NULL, NULL),
(546, 'SOPÓ', 25, NULL, NULL),
(547, 'SUBACHOQUE', 25, NULL, NULL),
(548, 'SUESCA', 25, NULL, NULL),
(549, 'SUPATÁ', 25, NULL, NULL),
(550, 'SUSA', 25, NULL, NULL),
(551, 'SUTATAUSA', 25, NULL, NULL),
(552, 'TABIO', 25, NULL, NULL),
(553, 'TAUSA', 25, NULL, NULL),
(554, 'TENA', 25, NULL, NULL),
(555, 'TENJO', 25, NULL, NULL),
(556, 'TIBACUY', 25, NULL, NULL),
(557, 'TIBIRITA', 25, NULL, NULL),
(558, 'TOCAIMA', 25, NULL, NULL),
(559, 'TOCANCIPÁ', 25, NULL, NULL),
(560, 'TOPAIPÍ', 25, NULL, NULL),
(561, 'UBALÁ', 25, NULL, NULL),
(562, 'UBAQUE', 25, NULL, NULL),
(563, 'VILLA DE SAN DIEGO DE UBATÉ', 25, NULL, NULL),
(564, 'UNE', 25, NULL, NULL),
(565, 'ÚTICA', 25, NULL, NULL),
(566, 'VERGARA', 25, NULL, NULL),
(567, 'VIANÍ', 25, NULL, NULL),
(568, 'VILLAGÓMEZ', 25, NULL, NULL),
(569, 'VILLAPINZÓN', 25, NULL, NULL),
(570, 'VILLETA', 25, NULL, NULL),
(571, 'VIOTÁ', 25, NULL, NULL),
(572, 'YACOPÍ', 25, NULL, NULL),
(573, 'ZIPACÓN', 25, NULL, NULL),
(574, 'ZIPAQUIRÁ', 25, NULL, NULL),
(575, 'QUIBDÓ', 27, NULL, NULL),
(576, 'ACANDÍ', 27, NULL, NULL),
(577, 'ALTO BAUDÓ', 27, NULL, NULL),
(578, 'ATRATO', 27, NULL, NULL),
(579, 'BAGADÓ', 27, NULL, NULL),
(580, 'BAHÍA SOLANO', 27, NULL, NULL),
(581, 'BAJO BAUDÓ', 27, NULL, NULL),
(582, 'BOJAYÁ', 27, NULL, NULL),
(583, 'EL CANTÓN DEL SAN PABLO', 27, NULL, NULL),
(584, 'CARMEN DEL DARIÉN', 27, NULL, NULL),
(585, 'CÉRTEGUI', 27, NULL, NULL),
(586, 'CONDOTO', 27, NULL, NULL),
(587, 'EL CARMEN DE ATRATO', 27, NULL, NULL),
(588, 'EL LITORAL DEL SAN JUAN', 27, NULL, NULL),
(589, 'ISTMINA', 27, NULL, NULL),
(590, 'JURADÓ', 27, NULL, NULL),
(591, 'LLORÓ', 27, NULL, NULL),
(592, 'MEDIO ATRATO', 27, NULL, NULL),
(593, 'MEDIO BAUDÓ', 27, NULL, NULL),
(594, 'MEDIO SAN JUAN', 27, NULL, NULL),
(595, 'NÓVITA', 27, NULL, NULL),
(596, 'NUQUÍ', 27, NULL, NULL),
(597, 'RÍO IRÓ', 27, NULL, NULL),
(598, 'RÍO QUITO', 27, NULL, NULL),
(599, 'RIOSUCIO', 27, NULL, NULL),
(600, 'SAN JOSÉ DEL PALMAR', 27, NULL, NULL),
(601, 'SIPÍ', 27, NULL, NULL),
(602, 'TADÓ', 27, NULL, NULL),
(603, 'UNGUÍA', 27, NULL, NULL),
(604, 'UNIÓN PANAMERICANA', 27, NULL, NULL),
(605, 'NEIVA', 41, NULL, NULL),
(606, 'ACEVEDO', 41, NULL, NULL),
(607, 'AGRADO', 41, NULL, NULL),
(608, 'AIPE', 41, NULL, NULL),
(609, 'ALGECIRAS', 41, NULL, NULL),
(610, 'ALTAMIRA', 41, NULL, NULL),
(611, 'BARAYA', 41, NULL, NULL),
(612, 'CAMPOALEGRE', 41, NULL, NULL),
(613, 'COLOMBIA', 41, NULL, NULL),
(614, 'ELÍAS', 41, NULL, NULL),
(615, 'GARZÓN', 41, NULL, NULL),
(616, 'GIGANTE', 41, NULL, NULL),
(617, 'GUADALUPE', 41, NULL, NULL),
(618, 'HOBO', 41, NULL, NULL),
(619, 'ÍQUIRA', 41, NULL, NULL),
(620, 'ISNOS', 41, NULL, NULL),
(621, 'LA ARGENTINA', 41, NULL, NULL),
(622, 'LA PLATA', 41, NULL, NULL),
(623, 'NÁTAGA', 41, NULL, NULL),
(624, 'OPORAPA', 41, NULL, NULL),
(625, 'PAICOL', 41, NULL, NULL),
(626, 'PALERMO', 41, NULL, NULL),
(627, 'PALESTINA', 41, NULL, NULL),
(628, 'PITAL', 41, NULL, NULL),
(629, 'PITALITO', 41, NULL, NULL),
(630, 'RIVERA', 41, NULL, NULL),
(631, 'SALADOBLANCO', 41, NULL, NULL),
(632, 'SAN AGUSTÍN', 41, NULL, NULL),
(633, 'SANTA MARÍA', 41, NULL, NULL),
(634, 'SUAZA', 41, NULL, NULL),
(635, 'TARQUI', 41, NULL, NULL),
(636, 'TESALIA', 41, NULL, NULL),
(637, 'TELLO', 41, NULL, NULL),
(638, 'TERUEL', 41, NULL, NULL),
(639, 'TIMANÁ', 41, NULL, NULL),
(640, 'VILLAVIEJA', 41, NULL, NULL),
(641, 'YAGUARÁ', 41, NULL, NULL),
(642, 'RIOHACHA', 44, NULL, NULL),
(643, 'ALBANIA', 44, NULL, NULL),
(644, 'BARRANCAS', 44, NULL, NULL),
(645, 'DIBULLA', 44, NULL, NULL),
(646, 'DISTRACCIÓN', 44, NULL, NULL),
(647, 'EL MOLINO', 44, NULL, NULL),
(648, 'FONSECA', 44, NULL, NULL),
(649, 'HATONUEVO', 44, NULL, NULL),
(650, 'LA JAGUA DEL PILAR', 44, NULL, NULL),
(651, 'MAICAO', 44, NULL, NULL),
(652, 'MANAURE', 44, NULL, NULL),
(653, 'SAN JUAN DEL CESAR', 44, NULL, NULL),
(654, 'URIBIA', 44, NULL, NULL),
(655, 'URUMITA', 44, NULL, NULL),
(656, 'VILLANUEVA', 44, NULL, NULL),
(657, 'SANTA MARTA', 47, NULL, NULL),
(658, 'ALGARROBO', 47, NULL, NULL),
(659, 'ARACATACA', 47, NULL, NULL),
(660, 'ARIGUANÍ', 47, NULL, NULL),
(661, 'CERRO DE SAN ANTONIO', 47, NULL, NULL),
(662, 'CHIVOLO', 47, NULL, NULL),
(663, 'CIÉNAGA', 47, NULL, NULL),
(664, 'CONCORDIA', 47, NULL, NULL),
(665, 'EL BANCO', 47, NULL, NULL),
(666, 'EL PIÑÓN', 47, NULL, NULL),
(667, 'EL RETÉN', 47, NULL, NULL),
(668, 'FUNDACIÓN', 47, NULL, NULL),
(669, 'GUAMAL', 47, NULL, NULL),
(670, 'NUEVA GRANADA', 47, NULL, NULL),
(671, 'PEDRAZA', 47, NULL, NULL),
(672, 'PIJIÑO DEL CARMEN', 47, NULL, NULL),
(673, 'PIVIJAY', 47, NULL, NULL),
(674, 'PLATO', 47, NULL, NULL),
(675, 'PUEBLOVIEJO', 47, NULL, NULL),
(676, 'REMOLINO', 47, NULL, NULL),
(677, 'SABANAS DE SAN ÁNGEL', 47, NULL, NULL),
(678, 'SALAMINA', 47, NULL, NULL),
(679, 'SAN SEBASTIÁN DE BUENAVISTA', 47, NULL, NULL),
(680, 'SAN ZENÓN', 47, NULL, NULL),
(681, 'SANTA ANA', 47, NULL, NULL),
(682, 'SANTA BÁRBARA DE PINTO', 47, NULL, NULL),
(683, 'SITIONUEVO', 47, NULL, NULL),
(684, 'TENERIFE', 47, NULL, NULL),
(685, 'ZAPAYÁN', 47, NULL, NULL),
(686, 'ZONA BANANERA', 47, NULL, NULL),
(687, 'VILLAVICENCIO', 50, NULL, NULL),
(688, 'ACACÍAS', 50, NULL, NULL),
(689, 'BARRANCA DE UPÍA', 50, NULL, NULL),
(690, 'CABUYARO', 50, NULL, NULL),
(691, 'CASTILLA LA NUEVA', 50, NULL, NULL),
(692, 'CUBARRAL', 50, NULL, NULL),
(693, 'CUMARAL', 50, NULL, NULL),
(694, 'EL CALVARIO', 50, NULL, NULL),
(695, 'EL CASTILLO', 50, NULL, NULL),
(696, 'EL DORADO', 50, NULL, NULL),
(697, 'FUENTE DE ORO', 50, NULL, NULL),
(698, 'GRANADA', 50, NULL, NULL),
(699, 'GUAMAL', 50, NULL, NULL),
(700, 'MAPIRIPÁN', 50, NULL, NULL),
(701, 'MESETAS', 50, NULL, NULL),
(702, 'LA MACARENA', 50, NULL, NULL),
(703, 'URIBE', 50, NULL, NULL),
(704, 'LEJANÍAS', 50, NULL, NULL),
(705, 'PUERTO CONCORDIA', 50, NULL, NULL),
(706, 'PUERTO GAITÁN', 50, NULL, NULL),
(707, 'PUERTO LÓPEZ', 50, NULL, NULL),
(708, 'PUERTO LLERAS', 50, NULL, NULL),
(709, 'PUERTO RICO', 50, NULL, NULL),
(710, 'RESTREPO', 50, NULL, NULL),
(711, 'SAN CARLOS DE GUAROA', 50, NULL, NULL),
(712, 'SAN JUAN DE ARAMA', 50, NULL, NULL),
(713, 'SAN JUANITO', 50, NULL, NULL),
(714, 'SAN MARTÍN', 50, NULL, NULL),
(715, 'VISTAHERMOSA', 50, NULL, NULL),
(716, 'PASTO', 52, NULL, NULL),
(717, 'ALBÁN', 52, NULL, NULL),
(718, 'ALDANA', 52, NULL, NULL),
(719, 'ANCUYA', 52, NULL, NULL),
(720, 'ARBOLEDA', 52, NULL, NULL),
(721, 'BARBACOAS', 52, NULL, NULL),
(722, 'BELÉN', 52, NULL, NULL),
(723, 'BUESACO', 52, NULL, NULL),
(724, 'COLÓN', 52, NULL, NULL),
(725, 'CONSACÁ', 52, NULL, NULL),
(726, 'CONTADERO', 52, NULL, NULL),
(727, 'CÓRDOBA', 52, NULL, NULL),
(728, 'CUASPUD CARLOSAMA', 52, NULL, NULL),
(729, 'CUMBAL', 52, NULL, NULL),
(730, 'CUMBITARA', 52, NULL, NULL),
(731, 'CHACHAGÜÍ', 52, NULL, NULL),
(732, 'EL CHARCO', 52, NULL, NULL),
(733, 'EL PEÑOL', 52, NULL, NULL),
(734, 'EL ROSARIO', 52, NULL, NULL),
(735, 'EL TABLÓN DE GÓMEZ', 52, NULL, NULL),
(736, 'EL TAMBO', 52, NULL, NULL),
(737, 'FUNES', 52, NULL, NULL),
(738, 'GUACHUCAL', 52, NULL, NULL),
(739, 'GUAITARILLA', 52, NULL, NULL),
(740, 'GUALMATÁN', 52, NULL, NULL),
(741, 'ILES', 52, NULL, NULL),
(742, 'IMUÉS', 52, NULL, NULL),
(743, 'IPIALES', 52, NULL, NULL),
(744, 'LA CRUZ', 52, NULL, NULL),
(745, 'LA FLORIDA', 52, NULL, NULL),
(746, 'LA LLANADA', 52, NULL, NULL),
(747, 'LA TOLA', 52, NULL, NULL),
(748, 'LA UNIÓN', 52, NULL, NULL),
(749, 'LEIVA', 52, NULL, NULL),
(750, 'LINARES', 52, NULL, NULL),
(751, 'LOS ANDES', 52, NULL, NULL),
(752, 'MAGÜÍ', 52, NULL, NULL),
(753, 'MALLAMA', 52, NULL, NULL),
(754, 'MOSQUERA', 52, NULL, NULL),
(755, 'NARIÑO', 52, NULL, NULL),
(756, 'OLAYA HERRERA', 52, NULL, NULL),
(757, 'OSPINA', 52, NULL, NULL),
(758, 'FRANCISCO PIZARRO', 52, NULL, NULL),
(759, 'POLICARPA', 52, NULL, NULL),
(760, 'POTOSÍ', 52, NULL, NULL),
(761, 'PROVIDENCIA', 52, NULL, NULL),
(762, 'PUERRES', 52, NULL, NULL),
(763, 'PUPIALES', 52, NULL, NULL),
(764, 'RICAURTE', 52, NULL, NULL),
(765, 'ROBERTO PAYÁN', 52, NULL, NULL),
(766, 'SAMANIEGO', 52, NULL, NULL),
(767, 'SANDONÁ', 52, NULL, NULL),
(768, 'SAN BERNARDO', 52, NULL, NULL),
(769, 'SAN LORENZO', 52, NULL, NULL),
(770, 'SAN PABLO', 52, NULL, NULL),
(771, 'SAN PEDRO DE CARTAGO', 52, NULL, NULL),
(772, 'SANTA BÁRBARA', 52, NULL, NULL),
(773, 'SANTACRUZ', 52, NULL, NULL),
(774, 'SAPUYES', 52, NULL, NULL),
(775, 'TAMINANGO', 52, NULL, NULL),
(776, 'TANGUA', 52, NULL, NULL),
(777, 'SAN ANDRÉS DE TUMACO', 52, NULL, NULL),
(778, 'TÚQUERRES', 52, NULL, NULL),
(779, 'YACUANQUER', 52, NULL, NULL),
(780, 'SAN JOSÉ DE CÚCUTA', 54, NULL, NULL),
(781, 'ÁBREGO', 54, NULL, NULL),
(782, 'ARBOLEDAS', 54, NULL, NULL),
(783, 'BOCHALEMA', 54, NULL, NULL),
(784, 'BUCARASICA', 54, NULL, NULL),
(785, 'CÁCOTA', 54, NULL, NULL),
(786, 'CÁCHIRA', 54, NULL, NULL),
(787, 'CHINÁCOTA', 54, NULL, NULL),
(788, 'CHITAGÁ', 54, NULL, NULL),
(789, 'CONVENCIÓN', 54, NULL, NULL),
(790, 'CUCUTILLA', 54, NULL, NULL),
(791, 'DURANIA', 54, NULL, NULL),
(792, 'EL CARMEN', 54, NULL, NULL),
(793, 'EL TARRA', 54, NULL, NULL),
(794, 'EL ZULIA', 54, NULL, NULL),
(795, 'GRAMALOTE', 54, NULL, NULL),
(796, 'HACARÍ', 54, NULL, NULL),
(797, 'HERRÁN', 54, NULL, NULL),
(798, 'LABATECA', 54, NULL, NULL),
(799, 'LA ESPERANZA', 54, NULL, NULL),
(800, 'LA PLAYA', 54, NULL, NULL),
(801, 'LOS PATIOS', 54, NULL, NULL),
(802, 'LOURDES', 54, NULL, NULL),
(803, 'MUTISCUA', 54, NULL, NULL),
(804, 'OCAÑA', 54, NULL, NULL),
(805, 'PAMPLONA', 54, NULL, NULL),
(806, 'PAMPLONITA', 54, NULL, NULL),
(807, 'PUERTO SANTANDER', 54, NULL, NULL),
(808, 'RAGONVALIA', 54, NULL, NULL),
(809, 'SALAZAR', 54, NULL, NULL),
(810, 'SAN CALIXTO', 54, NULL, NULL),
(811, 'SAN CAYETANO', 54, NULL, NULL),
(812, 'SANTIAGO', 54, NULL, NULL),
(813, 'SARDINATA', 54, NULL, NULL),
(814, 'SILOS', 54, NULL, NULL),
(815, 'TEORAMA', 54, NULL, NULL),
(816, 'TIBÚ', 54, NULL, NULL),
(817, 'TOLEDO', 54, NULL, NULL),
(818, 'VILLA CARO', 54, NULL, NULL),
(819, 'VILLA DEL ROSARIO', 54, NULL, NULL),
(820, 'ARMENIA', 63, NULL, NULL),
(821, 'BUENAVISTA', 63, NULL, NULL),
(822, 'CALARCÁ', 63, NULL, NULL),
(823, 'CIRCASIA', 63, NULL, NULL),
(824, 'CÓRDOBA', 63, NULL, NULL),
(825, 'FILANDIA', 63, NULL, NULL),
(826, 'GÉNOVA', 63, NULL, NULL),
(827, 'LA TEBAIDA', 63, NULL, NULL),
(828, 'MONTENEGRO', 63, NULL, NULL),
(829, 'PIJAO', 63, NULL, NULL),
(830, 'QUIMBAYA', 63, NULL, NULL),
(831, 'SALENTO', 63, NULL, NULL),
(832, 'PEREIRA', 66, NULL, NULL),
(833, 'APÍA', 66, NULL, NULL),
(834, 'BALBOA', 66, NULL, NULL),
(835, 'BELÉN DE UMBRÍA', 66, NULL, NULL),
(836, 'DOSQUEBRADAS', 66, NULL, NULL),
(837, 'GUÁTICA', 66, NULL, NULL),
(838, 'LA CELIA', 66, NULL, NULL),
(839, 'LA VIRGINIA', 66, NULL, NULL),
(840, 'MARSELLA', 66, NULL, NULL),
(841, 'MISTRATÓ', 66, NULL, NULL),
(842, 'PUEBLO RICO', 66, NULL, NULL),
(843, 'QUINCHÍA', 66, NULL, NULL),
(844, 'SANTA ROSA DE CABAL', 66, NULL, NULL),
(845, 'SANTUARIO', 66, NULL, NULL),
(846, 'BUCARAMANGA', 68, NULL, NULL),
(847, 'AGUADA', 68, NULL, NULL),
(848, 'ALBANIA', 68, NULL, NULL),
(849, 'ARATOCA', 68, NULL, NULL),
(850, 'BARBOSA', 68, NULL, NULL),
(851, 'BARICHARA', 68, NULL, NULL),
(852, 'BARRANCABERMEJA', 68, NULL, NULL),
(853, 'BETULIA', 68, NULL, NULL),
(854, 'BOLÍVAR', 68, NULL, NULL),
(855, 'CABRERA', 68, NULL, NULL),
(856, 'CALIFORNIA', 68, NULL, NULL),
(857, 'CAPITANEJO', 68, NULL, NULL),
(858, 'CARCASÍ', 68, NULL, NULL),
(859, 'CEPITÁ', 68, NULL, NULL),
(860, 'CERRITO', 68, NULL, NULL),
(861, 'CHARALÁ', 68, NULL, NULL),
(862, 'CHARTA', 68, NULL, NULL),
(863, 'CHIMA', 68, NULL, NULL),
(864, 'CHIPATÁ', 68, NULL, NULL),
(865, 'CIMITARRA', 68, NULL, NULL),
(866, 'CONCEPCIÓN', 68, NULL, NULL),
(867, 'CONFINES', 68, NULL, NULL),
(868, 'CONTRATACIÓN', 68, NULL, NULL),
(869, 'COROMORO', 68, NULL, NULL),
(870, 'CURITÍ', 68, NULL, NULL),
(871, 'EL CARMEN DE CHUCURI', 68, NULL, NULL),
(872, 'EL GUACAMAYO', 68, NULL, NULL),
(873, 'EL PEÑÓN', 68, NULL, NULL),
(874, 'EL PLAYÓN', 68, NULL, NULL),
(875, 'ENCINO', 68, NULL, NULL),
(876, 'ENCISO', 68, NULL, NULL),
(877, 'FLORIÁN', 68, NULL, NULL),
(878, 'FLORIDABLANCA', 68, NULL, NULL),
(879, 'GALÁN', 68, NULL, NULL),
(880, 'GÁMBITA', 68, NULL, NULL),
(881, 'GIRÓN', 68, NULL, NULL),
(882, 'GUACA', 68, NULL, NULL),
(883, 'GUADALUPE', 68, NULL, NULL),
(884, 'GUAPOTÁ', 68, NULL, NULL),
(885, 'GUAVATÁ', 68, NULL, NULL),
(886, 'GÜEPSA', 68, NULL, NULL),
(887, 'HATO', 68, NULL, NULL),
(888, 'JESÚS MARÍA', 68, NULL, NULL),
(889, 'JORDÁN', 68, NULL, NULL),
(890, 'LA BELLEZA', 68, NULL, NULL),
(891, 'LANDÁZURI', 68, NULL, NULL),
(892, 'LA PAZ', 68, NULL, NULL),
(893, 'LEBRIJA', 68, NULL, NULL),
(894, 'LOS SANTOS', 68, NULL, NULL),
(895, 'MACARAVITA', 68, NULL, NULL),
(896, 'MÁLAGA', 68, NULL, NULL),
(897, 'MATANZA', 68, NULL, NULL),
(898, 'MOGOTES', 68, NULL, NULL),
(899, 'MOLAGAVITA', 68, NULL, NULL),
(900, 'OCAMONTE', 68, NULL, NULL),
(901, 'OIBA', 68, NULL, NULL),
(902, 'ONZAGA', 68, NULL, NULL),
(903, 'PALMAR', 68, NULL, NULL),
(904, 'PALMAS DEL SOCORRO', 68, NULL, NULL),
(905, 'PÁRAMO', 68, NULL, NULL),
(906, 'PIEDECUESTA', 68, NULL, NULL),
(907, 'PINCHOTE', 68, NULL, NULL),
(908, 'PUENTE NACIONAL', 68, NULL, NULL),
(909, 'PUERTO PARRA', 68, NULL, NULL),
(910, 'PUERTO WILCHES', 68, NULL, NULL),
(911, 'RIONEGRO', 68, NULL, NULL),
(912, 'SABANA DE TORRES', 68, NULL, NULL),
(913, 'SAN ANDRÉS', 68, NULL, NULL),
(914, 'SAN BENITO', 68, NULL, NULL),
(915, 'SAN GIL', 68, NULL, NULL),
(916, 'SAN JOAQUÍN', 68, NULL, NULL),
(917, 'SAN JOSÉ DE MIRANDA', 68, NULL, NULL),
(918, 'SAN MIGUEL', 68, NULL, NULL),
(919, 'SAN VICENTE DE CHUCURÍ', 68, NULL, NULL),
(920, 'SANTA BÁRBARA', 68, NULL, NULL),
(921, 'SANTA HELENA DEL OPÓN', 68, NULL, NULL),
(922, 'SIMACOTA', 68, NULL, NULL),
(923, 'SOCORRO', 68, NULL, NULL),
(924, 'SUAITA', 68, NULL, NULL),
(925, 'SUCRE', 68, NULL, NULL),
(926, 'SURATÁ', 68, NULL, NULL),
(927, 'TONA', 68, NULL, NULL),
(928, 'VALLE DE SAN JOSÉ', 68, NULL, NULL),
(929, 'VÉLEZ', 68, NULL, NULL),
(930, 'VETAS', 68, NULL, NULL),
(931, 'VILLANUEVA', 68, NULL, NULL),
(932, 'ZAPATOCA', 68, NULL, NULL),
(933, 'SINCELEJO', 70, NULL, NULL),
(934, 'BUENAVISTA', 70, NULL, NULL),
(935, 'CAIMITO', 70, NULL, NULL),
(936, 'COLOSÓ', 70, NULL, NULL),
(937, 'COROZAL', 70, NULL, NULL),
(938, 'COVEÑAS', 70, NULL, NULL),
(939, 'CHALÁN', 70, NULL, NULL),
(940, 'EL ROBLE', 70, NULL, NULL),
(941, 'GALERAS', 70, NULL, NULL),
(942, 'GUARANDA', 70, NULL, NULL),
(943, 'LA UNIÓN', 70, NULL, NULL),
(944, 'LOS PALMITOS', 70, NULL, NULL),
(945, 'MAJAGUAL', 70, NULL, NULL),
(946, 'MORROA', 70, NULL, NULL),
(947, 'OVEJAS', 70, NULL, NULL),
(948, 'PALMITO', 70, NULL, NULL),
(949, 'SAMPUÉS', 70, NULL, NULL),
(950, 'SAN BENITO ABAD', 70, NULL, NULL),
(951, 'SAN JUAN DE BETULIA', 70, NULL, NULL),
(952, 'SAN MARCOS', 70, NULL, NULL),
(953, 'SAN ONOFRE', 70, NULL, NULL),
(954, 'SAN PEDRO', 70, NULL, NULL),
(955, 'SAN LUIS DE SINCÉ', 70, NULL, NULL),
(956, 'SUCRE', 70, NULL, NULL),
(957, 'SANTIAGO DE TOLÚ', 70, NULL, NULL),
(958, 'SAN JOSÉ DE TOLUVIEJO', 70, NULL, NULL),
(959, 'IBAGUÉ', 73, NULL, NULL),
(960, 'ALPUJARRA', 73, NULL, NULL),
(961, 'ALVARADO', 73, NULL, NULL),
(962, 'AMBALEMA', 73, NULL, NULL),
(963, 'ANZOÁTEGUI', 73, NULL, NULL),
(964, 'ARMERO', 73, NULL, NULL),
(965, 'ATACO', 73, NULL, NULL),
(966, 'CAJAMARCA', 73, NULL, NULL),
(967, 'CARMEN DE APICALÁ', 73, NULL, NULL),
(968, 'CASABIANCA', 73, NULL, NULL),
(969, 'CHAPARRAL', 73, NULL, NULL),
(970, 'COELLO', 73, NULL, NULL),
(971, 'COYAIMA', 73, NULL, NULL),
(972, 'CUNDAY', 73, NULL, NULL),
(973, 'DOLORES', 73, NULL, NULL),
(974, 'ESPINAL', 73, NULL, NULL),
(975, 'FALAN', 73, NULL, NULL),
(976, 'FLANDES', 73, NULL, NULL),
(977, 'FRESNO', 73, NULL, NULL),
(978, 'GUAMO', 73, NULL, NULL),
(979, 'HERVEO', 73, NULL, NULL),
(980, 'HONDA', 73, NULL, NULL),
(981, 'ICONONZO', 73, NULL, NULL),
(982, 'LÉRIDA', 73, NULL, NULL),
(983, 'LÍBANO', 73, NULL, NULL),
(984, 'SAN SEBASTIÁN DE MARIQUITA', 73, NULL, NULL),
(985, 'MELGAR', 73, NULL, NULL),
(986, 'MURILLO', 73, NULL, NULL),
(987, 'NATAGAIMA', 73, NULL, NULL),
(988, 'ORTEGA', 73, NULL, NULL),
(989, 'PALOCABILDO', 73, NULL, NULL),
(990, 'PIEDRAS', 73, NULL, NULL),
(991, 'PLANADAS', 73, NULL, NULL),
(992, 'PRADO', 73, NULL, NULL),
(993, 'PURIFICACIÓN', 73, NULL, NULL),
(994, 'RIOBLANCO', 73, NULL, NULL),
(995, 'RONCESVALLES', 73, NULL, NULL),
(996, 'ROVIRA', 73, NULL, NULL),
(997, 'SALDAÑA', 73, NULL, NULL),
(998, 'SAN ANTONIO', 73, NULL, NULL),
(999, 'SAN LUIS', 73, NULL, NULL),
(1000, 'SANTA ISABEL', 73, NULL, NULL),
(1001, 'SUÁREZ', 73, NULL, NULL),
(1002, 'VALLE DE SAN JUAN', 73, NULL, NULL),
(1003, 'VENADILLO', 73, NULL, NULL),
(1004, 'VILLAHERMOSA', 73, NULL, NULL),
(1005, 'VILLARRICA', 73, NULL, NULL),
(1006, 'CALI', 76, NULL, NULL),
(1007, 'ALCALÁ', 76, NULL, NULL),
(1008, 'ANDALUCÍA', 76, NULL, NULL),
(1009, 'ANSERMANUEVO', 76, NULL, NULL),
(1010, 'ARGELIA', 76, NULL, NULL),
(1011, 'BOLÍVAR', 76, NULL, NULL),
(1012, 'BUENAVENTURA', 76, NULL, NULL),
(1013, 'GUADALAJARA DE BUGA', 76, NULL, NULL),
(1014, 'BUGALAGRANDE', 76, NULL, NULL),
(1015, 'CAICEDONIA', 76, NULL, NULL),
(1016, 'CALIMA', 76, NULL, NULL),
(1017, 'CANDELARIA', 76, NULL, NULL),
(1018, 'CARTAGO', 76, NULL, NULL),
(1019, 'DAGUA', 76, NULL, NULL),
(1020, 'EL ÁGUILA', 76, NULL, NULL),
(1021, 'EL CAIRO', 76, NULL, NULL),
(1022, 'EL CERRITO', 76, NULL, NULL),
(1023, 'EL DOVIO', 76, NULL, NULL),
(1024, 'FLORIDA', 76, NULL, NULL),
(1025, 'GINEBRA', 76, NULL, NULL),
(1026, 'GUACARÍ', 76, NULL, NULL),
(1027, 'JAMUNDÍ', 76, NULL, NULL),
(1028, 'LA CUMBRE', 76, NULL, NULL),
(1029, 'LA UNIÓN', 76, NULL, NULL),
(1030, 'LA VICTORIA', 76, NULL, NULL),
(1031, 'OBANDO', 76, NULL, NULL),
(1032, 'PALMIRA', 76, NULL, NULL),
(1033, 'PRADERA', 76, NULL, NULL),
(1034, 'RESTREPO', 76, NULL, NULL),
(1035, 'RIOFRÍO', 76, NULL, NULL),
(1036, 'ROLDANILLO', 76, NULL, NULL),
(1037, 'SAN PEDRO', 76, NULL, NULL),
(1038, 'SEVILLA', 76, NULL, NULL),
(1039, 'TORO', 76, NULL, NULL),
(1040, 'TRUJILLO', 76, NULL, NULL),
(1041, 'TULUÁ', 76, NULL, NULL),
(1042, 'ULLOA', 76, NULL, NULL),
(1043, 'VERSALLES', 76, NULL, NULL),
(1044, 'VIJES', 76, NULL, NULL),
(1045, 'YOTOCO', 76, NULL, NULL),
(1046, 'YUMBO', 76, NULL, NULL),
(1047, 'ZARZAL', 76, NULL, NULL),
(1048, 'ARAUCA', 81, NULL, NULL),
(1049, 'ARAUQUITA', 81, NULL, NULL),
(1050, 'CRAVO NORTE', 81, NULL, NULL),
(1051, 'FORTUL', 81, NULL, NULL),
(1052, 'PUERTO RONDÓN', 81, NULL, NULL),
(1053, 'SARAVENA', 81, NULL, NULL),
(1054, 'TAME', 81, NULL, NULL),
(1055, 'YOPAL', 85, NULL, NULL),
(1056, 'AGUAZUL', 85, NULL, NULL),
(1057, 'CHÁMEZA', 85, NULL, NULL),
(1058, 'HATO COROZAL', 85, NULL, NULL),
(1059, 'LA SALINA', 85, NULL, NULL),
(1060, 'MANÍ', 85, NULL, NULL),
(1061, 'MONTERREY', 85, NULL, NULL),
(1062, 'NUNCHÍA', 85, NULL, NULL),
(1063, 'OROCUÉ', 85, NULL, NULL),
(1064, 'PAZ DE ARIPORO', 85, NULL, NULL),
(1065, 'PORE', 85, NULL, NULL),
(1066, 'RECETOR', 85, NULL, NULL),
(1067, 'SABANALARGA', 85, NULL, NULL),
(1068, 'SÁCAMA', 85, NULL, NULL),
(1069, 'SAN LUIS DE PALENQUE', 85, NULL, NULL),
(1070, 'TÁMARA', 85, NULL, NULL),
(1071, 'TAURAMENA', 85, NULL, NULL),
(1072, 'TRINIDAD', 85, NULL, NULL),
(1073, 'VILLANUEVA', 85, NULL, NULL),
(1074, 'MOCOA', 86, NULL, NULL),
(1075, 'COLÓN', 86, NULL, NULL),
(1076, 'ORITO', 86, NULL, NULL),
(1077, 'PUERTO ASÍS', 86, NULL, NULL),
(1078, 'PUERTO CAICEDO', 86, NULL, NULL),
(1079, 'PUERTO GUZMÁN', 86, NULL, NULL),
(1080, 'PUERTO LEGUÍZAMO', 86, NULL, NULL),
(1081, 'SIBUNDOY', 86, NULL, NULL),
(1082, 'SAN FRANCISCO', 86, NULL, NULL),
(1083, 'SAN MIGUEL', 86, NULL, NULL),
(1084, 'SANTIAGO', 86, NULL, NULL),
(1085, 'VALLE DEL GUAMUEZ', 86, NULL, NULL),
(1086, 'VILLAGARZÓN', 86, NULL, NULL),
(1087, 'SAN ANDRÉS', 88, NULL, NULL),
(1088, 'PROVIDENCIA', 88, NULL, NULL),
(1089, 'LETICIA', 91, NULL, NULL),
(1090, 'EL ENCANTO', 91, NULL, NULL),
(1091, 'LA CHORRERA', 91, NULL, NULL),
(1092, 'LA PEDRERA', 91, NULL, NULL),
(1093, 'LA VICTORIA', 91, NULL, NULL),
(1094, 'MIRITÍ - PARANÁ', 91, NULL, NULL),
(1095, 'PUERTO ALEGRÍA', 91, NULL, NULL),
(1096, 'PUERTO ARICA', 91, NULL, NULL),
(1097, 'PUERTO NARIÑO', 91, NULL, NULL),
(1098, 'PUERTO SANTANDER', 91, NULL, NULL),
(1099, 'TARAPACÁ', 91, NULL, NULL),
(1100, 'INÍRIDA', 94, NULL, NULL),
(1101, 'BARRANCOMINAS*', 94, NULL, NULL),
(1102, 'SAN FELIPE', 94, NULL, NULL),
(1103, 'PUERTO COLOMBIA', 94, NULL, NULL),
(1104, 'LA GUADALUPE', 94, NULL, NULL),
(1105, 'CACAHUAL', 94, NULL, NULL),
(1106, 'PANA PANA', 94, NULL, NULL),
(1107, 'MORICHAL', 94, NULL, NULL),
(1108, 'SAN JOSÉ DEL GUAVIARE', 95, NULL, NULL),
(1109, 'CALAMAR', 95, NULL, NULL),
(1110, 'EL RETORNO', 95, NULL, NULL),
(1111, 'MIRAFLORES', 95, NULL, NULL),
(1112, 'MITÚ', 97, NULL, NULL),
(1113, 'CARURÚ', 97, NULL, NULL),
(1114, 'PACOA', 97, NULL, NULL),
(1115, 'TARAIRA', 97, NULL, NULL),
(1116, 'PAPUNAHUA', 97, NULL, NULL),
(1117, 'YAVARATÉ', 97, NULL, NULL),
(1118, 'PUERTO CARREÑO', 99, NULL, NULL),
(1119, 'LA PRIMAVERA', 99, NULL, NULL),
(1120, 'SANTA ROSALÍA', 99, NULL, NULL),
(1121, 'CUMARIBO', 99, NULL, NULL);

-- --------------------------------------------------------

--
-- Estructura de tabla para la tabla `password_resets`
--

CREATE TABLE `password_resets` (
  `email` varchar(255) COLLATE utf8mb4_unicode_ci NOT NULL,
  `token` varchar(255) COLLATE utf8mb4_unicode_ci NOT NULL,
  `created_at` timestamp NULL DEFAULT NULL
) ENGINE=InnoDB DEFAULT CHARSET=utf8mb4 COLLATE=utf8mb4_unicode_ci;

-- --------------------------------------------------------

--
-- Estructura de tabla para la tabla `personal_access_tokens`
--

CREATE TABLE `personal_access_tokens` (
  `id` bigint(20) UNSIGNED NOT NULL,
  `tokenable_type` varchar(255) COLLATE utf8mb4_unicode_ci NOT NULL,
  `tokenable_id` bigint(20) UNSIGNED NOT NULL,
  `name` varchar(255) COLLATE utf8mb4_unicode_ci NOT NULL,
  `token` varchar(64) COLLATE utf8mb4_unicode_ci NOT NULL,
  `abilities` text COLLATE utf8mb4_unicode_ci DEFAULT NULL,
  `last_used_at` timestamp NULL DEFAULT NULL,
  `created_at` timestamp NULL DEFAULT NULL,
  `updated_at` timestamp NULL DEFAULT NULL
) ENGINE=InnoDB DEFAULT CHARSET=utf8mb4 COLLATE=utf8mb4_unicode_ci;

-- --------------------------------------------------------

--
-- Estructura de tabla para la tabla `preguntas`
--

CREATE TABLE `preguntas` (
  `id` bigint(20) UNSIGNED NOT NULL,
  `pregunta` text COLLATE utf8mb4_unicode_ci NOT NULL,
  `email` varchar(250) COLLATE utf8mb4_unicode_ci DEFAULT NULL,
  `created_at` timestamp NULL DEFAULT NULL,
  `updated_at` timestamp NULL DEFAULT NULL
) ENGINE=InnoDB DEFAULT CHARSET=utf8mb4 COLLATE=utf8mb4_unicode_ci;

--
-- Volcado de datos para la tabla `preguntas`
--

INSERT INTO `preguntas` (`id`, `pregunta`, `email`, `created_at`, `updated_at`) VALUES
(59, '¿Cómo le suma a mi entidad de salud hacer parte del Premio?', 'davidp.rodriguez@biplanning.com.co', '2022-07-14 21:45:10', '2022-07-14 21:45:10'),
(60, '¿Cómo puedo verificar la transparencia de este reconocimiento?', 'davidp.rodriguez@biplanning.com.co', '2022-07-14 21:45:23', '2022-07-14 21:45:23'),
(61, '¿Cómo se hará la selección para el reconocimiento?', 'davidp.rodriguez@biplanning.com.co', '2022-07-14 21:45:33', '2022-07-14 21:45:33'),
(62, '¿Cuándo es el intercambio de experiencias del reconocimiento?', 'davidp.rodriguez@biplanning.com.co', '2022-07-14 21:45:45', '2022-07-14 21:45:45'),
(63, '¿Cuáles son los canales de comunicación del Premio?', 'davidp.rodriguez@biplanning.com.co', '2022-07-14 21:45:55', '2022-07-14 21:45:55'),
(64, '¿Quiénes pueden participar?', 'davidp.rodriguez@biplanning.com.co', '2022-07-14 21:46:03', '2022-07-14 21:46:03'),
(65, '¿Quién organiza el Premio?', 'davidp.rodriguez@biplanning.com.co', '2022-07-14 21:46:15', '2022-07-14 21:46:15'),
(66, '¿Qué es el Premio Nacional a la Calidad de la Atención Integral en Salud con Enfoque en la Atención Primaria en Salud (APS)?', 'davidp.rodriguez@biplanning.com.co', '2022-07-14 21:46:25', '2022-07-14 21:46:25');

-- --------------------------------------------------------

--
-- Estructura de tabla para la tabla `respuestas`
--

CREATE TABLE `respuestas` (
  `id` bigint(20) UNSIGNED NOT NULL,
  `respuesta` text COLLATE utf8mb4_unicode_ci DEFAULT NULL,
  `id_pregunta` bigint(20) UNSIGNED DEFAULT NULL,
  `created_at` timestamp NULL DEFAULT NULL,
  `updated_at` timestamp NULL DEFAULT NULL
) ENGINE=InnoDB DEFAULT CHARSET=utf8mb4 COLLATE=utf8mb4_unicode_ci;

--
-- Volcado de datos para la tabla `respuestas`
--

INSERT INTO `respuestas` (`id`, `respuesta`, `id_pregunta`, `created_at`, `updated_at`) VALUES
(55, 'Recibir el Premio Nacional a la Calidad de la atención integral en Salud con enfoque en la Atención Primaria en Salud (APS) constituye un honor y un compromiso para las instituciones ganadoras, quienes servirán de ejemplo a las instituciones del sector. Se espera por ello que el comportamiento posterior a la entrega del reconocimiento siga siendo consistente con dicha distinción. Deben convertirse en promotores del desarrollo integral de procesos de atención primaria en el país y dar a conocer sus experiencias y resultados a quienes se muestren interesados', 59, '2022-07-14 21:47:15', '2022-07-14 21:47:15'),
(56, 'El equipo del Premio garantiza el nivel técnico, así como la equidad, formalidad y transparencia del proceso frente a todos los participantes. Para ello:\r\n•	Desarrolla los estándares de evaluación que guían a las IPS postulantes para documentar su proceso de atención en el enfoque de Atención Primaria en Salud, considerando los lineamientos impartidos por la política y modelo de atención integral del país.\r\n•	Selecciona mediante perfiles establecidos al grupo de evaluadores y jurados y los entrena.\r\n•	Recibe las inscripciones en la plataforma del premio y las radica con un número, que servirá como identificador de la IPS, permitiendo el manejo de calificaciones de manera anónima.\r\n•	Registra y tabula en forma reservada los datos recopilados por los evaluadores, en los módulos de evaluación y analítica de la plataforma del premio, para presentar al jurado resultados reales y confiables.\r\n•	Coordina las reuniones de evaluación, la reunión de jurado, las visitas a las IPS finalistas y el envío de informe de realimentación.\r\n•	Cumple estrictamente un cronograma, unos requisitos y unos procedimientos establecidos y conocidos por todos los participantes, evaluadores y jurados.', 60, '2022-07-14 21:47:30', '2022-07-14 21:47:30'),
(57, 'A partir de la aceptación al proceso y hasta el 26 de agosto del 2022, se implementará el proceso de evaluación en las IPS inscritas seleccionadas. La evaluación se hará en reuniones virtuales, en las que los evaluadores del Premio analizarán el nivel de desarrollo institucional frente a los criterios definidos para cada una de las categorías ejes, definidas y descritas de manera precisa en el Modelo de Evaluación que se encuentra en la página web del Premio donde podrá ser descargado.\r\nLas entrevistas, en el propósito de mejoramiento y aprendizaje del Premio, permitirán identificar fortalezas, oportunidades de mejora (evaluación cualitativa) y generar una calificación institucional (evaluación cuantitativa), que será la base para consolidar el Ranking de las instituciones participantes y guía fundamental para la decisión del jurado.', 61, '2022-07-14 21:47:45', '2022-07-14 21:47:45'),
(58, 'El 23 septiembre del 2022, se realizará el Encuentro de Experiencias, reunión en la que se hará el reconocimiento a los ganadores del Premio y se presentarán las experiencias exitosas de todos los participantes, a través de presentación de pósteres, cuyos lineamientos se enviarán por medio de los canales de contacto del Premio, de tal manera que se genere en torno a la Atención Primaria en Salud, un aprendizaje colaborativo, que sirva como incentivo para que las organizaciones y demás actores del sistema de salud, generen estrategias e intervenciones que  promuevan el mejoramiento de la calidad y la creación de una cultura de transformación en el enfoque de APS.', 62, '2022-07-14 21:48:01', '2022-07-14 21:48:01'),
(59, 'Los canales oficiales y a los que puede enviar todas sus inquietudes son: La página web, www.premionacionalaps.com.co, el número de teléfono: 312 5219155 y el correo electrónico: premiocalidad@oes.org.co, que funcionarán de lunes a viernes de 7:00 a.m. a 6:00 p.m. hasta la fecha del cierre del Premio.', 63, '2022-07-14 21:48:14', '2022-07-14 21:48:14'),
(60, 'El premio está dirigido a IPS de mediana y baja complejidad, públicas, público/privadas o privadas, que prestan servicios de Atención Primaria en Salud. Deben postularse aquellas instituciones que en el enfoque de Atención Primaria en Salud hayan hecho avances en el abordaje de los procesos de atención definidos como ejes en las categorías del Premio. Su participación NO tiene ningún costo.', 64, '2022-07-14 21:48:24', '2022-07-14 21:48:24'),
(61, 'El Ministerio de Salud y Protección Social y Comunidades Saludables, organizan esta entrega con el objetivo de fortalecer el trabajo conjunto y articulado para que todos los colombianos tengan un mayor acceso y calidad en los servicios de salud, en el enfoque de Atención Primaria en Salud, ha desarrollado el Premio Nacional a la Calidad de la Atención Integral en Salud con Enfoque en la Atención Primaria en Salud (APS), para reconocer a aquellas instituciones que se diferencian por calidad, mostrando experiencias exitosas en la implementación de los procesos de atención prioritarios en el enfoque de APS e impacto en los resultados de salud de las personas y de las comunidades que atienden', 65, '2022-07-14 21:48:34', '2022-07-14 21:48:34'),
(62, 'El Premio Nacional a la Calidad de la Atención Integral en Salud con enfoque en la Atención Primaria en Salud (APS), es la distinción que reciben aquellas Instituciones Prestadoras de Servicios de Salud (IPS) que se diferencian por calidad y muestran implementación, gestión, aprendizaje y mejoramiento sistemático de los procesos de atención y de los resultados de salud que entregan a los individuos, pacientes y comunidades que atienden', 66, '2022-07-14 21:48:45', '2022-07-14 21:48:45');

-- --------------------------------------------------------

--
-- Estructura de tabla para la tabla `tipo_documento`
--

CREATE TABLE `tipo_documento` (
  `ID_TIPO_DOCUMENTO` int(11) NOT NULL,
  `TIPO_DOCUMENTO` varchar(30) NOT NULL
) ENGINE=InnoDB DEFAULT CHARSET=utf8mb4;

--
-- Volcado de datos para la tabla `tipo_documento`
--

INSERT INTO `tipo_documento` (`ID_TIPO_DOCUMENTO`, `TIPO_DOCUMENTO`) VALUES
(1, 'Cedula'),
(2, 'Tarjeta de identidad'),
(3, 'Pasaporte');

-- --------------------------------------------------------

--
-- Estructura de tabla para la tabla `tipo_usuarios`
--

CREATE TABLE `tipo_usuarios` (
  `ID_TIPO_USUARIO` int(11) NOT NULL,
  `TIPO_USUARIO` varchar(20) NOT NULL
) ENGINE=InnoDB DEFAULT CHARSET=utf8mb4;

--
-- Volcado de datos para la tabla `tipo_usuarios`
--

INSERT INTO `tipo_usuarios` (`ID_TIPO_USUARIO`, `TIPO_USUARIO`) VALUES
(1, 'Administrador'),
(2, 'Operador'),
(3, 'Operador2');

-- --------------------------------------------------------

--
-- Estructura de tabla para la tabla `users`
--

CREATE TABLE `users` (
  `id` bigint(20) UNSIGNED NOT NULL,
  `Nombres` varchar(255) COLLATE utf8mb4_unicode_ci DEFAULT NULL,
  `Apellidos` varchar(255) COLLATE utf8mb4_unicode_ci DEFAULT NULL,
  `Tipo_documento` int(11) DEFAULT NULL,
  `Documento` varchar(255) COLLATE utf8mb4_unicode_ci DEFAULT NULL,
  `Fecha_nacimiento` date DEFAULT NULL,
  `Correo` varchar(255) COLLATE utf8mb4_unicode_ci DEFAULT NULL,
  `Direccion` varchar(255) COLLATE utf8mb4_unicode_ci DEFAULT NULL,
  `Tipo_Usuario` int(11) DEFAULT NULL,
  `Correo_Verificacion` timestamp NULL DEFAULT NULL,
  `Usuario` varchar(255) COLLATE utf8mb4_unicode_ci DEFAULT NULL,
  `password` varchar(255) COLLATE utf8mb4_unicode_ci DEFAULT NULL,
  `Estado` varchar(255) COLLATE utf8mb4_unicode_ci DEFAULT NULL,
  `created_at` timestamp NULL DEFAULT NULL,
  `updated_at` timestamp NULL DEFAULT NULL
) ENGINE=InnoDB DEFAULT CHARSET=utf8mb4 COLLATE=utf8mb4_unicode_ci;

--
-- Volcado de datos para la tabla `users`
--

INSERT INTO `users` (`id`, `Nombres`, `Apellidos`, `Tipo_documento`, `Documento`, `Fecha_nacimiento`, `Correo`, `Direccion`, `Tipo_Usuario`, `Correo_Verificacion`, `Usuario`, `password`, `Estado`, `created_at`, `updated_at`) VALUES
(39, 'Admin2', 'Admin2', 1, '987502422', '1995-02-01', 'admin2@gmail.com', 'cr 7#10', 1, NULL, 'Admin2', '$2y$10$iJTDCGbkaYJsNk4P11ccmeU/xQxHxznJZP2Pj68Hu.Z7GhJasC96q', 'Habilitado', '2022-07-08 20:22:58', '2022-07-14 21:57:28'),
(64, 'AdminOES', 'AdminOES', 1, '1003284411', '2001-05-01', 'AdminOES@gmail.com', 'cra 4# 12', 1, NULL, 'AdminOES', '$2y$10$tPgyXgicFaNbeqWvuY/Hn.csFyONazE957PQrzF6RoPclFqiMjr4G', 'Habilitado', '2022-07-14 22:04:26', '2022-07-14 22:06:12');

-- --------------------------------------------------------

--
-- Estructura de tabla para la tabla `users_inscriptions`
--

CREATE TABLE `users_inscriptions` (
  `id` bigint(20) UNSIGNED NOT NULL,
  `ips` varchar(255) COLLATE utf8mb4_unicode_ci NOT NULL,
  `nit` varchar(255) COLLATE utf8mb4_unicode_ci NOT NULL,
  `codigo_habilitacion_prestador` varchar(255) COLLATE utf8mb4_unicode_ci NOT NULL,
  `fecha_inscripcion_reps` date NOT NULL,
  `fecha_vencimiento` date NOT NULL,
  `naturaleza_juridica` varchar(255) COLLATE utf8mb4_unicode_ci NOT NULL,
  `nivel_complejidad` varchar(255) COLLATE utf8mb4_unicode_ci NOT NULL,
  `municipio` int(255) NOT NULL,
  `direccion` varchar(255) COLLATE utf8mb4_unicode_ci NOT NULL,
  `caracter_territorial` varchar(255) COLLATE utf8mb4_unicode_ci NOT NULL,
  `director_general` varchar(255) COLLATE utf8mb4_unicode_ci NOT NULL,
  `director_medico` varchar(255) COLLATE utf8mb4_unicode_ci NOT NULL,
  `referente_ips` varchar(255) COLLATE utf8mb4_unicode_ci NOT NULL,
  `cargo` varchar(255) COLLATE utf8mb4_unicode_ci NOT NULL,
  `telefono` varchar(20) COLLATE utf8mb4_unicode_ci NOT NULL,
  `email` varchar(255) COLLATE utf8mb4_unicode_ci NOT NULL,
  `atencion_infantil` varchar(255) COLLATE utf8mb4_unicode_ci NOT NULL,
  `deteccion_temprana_enfermedades_cardiovasculares` varchar(255) COLLATE utf8mb4_unicode_ci NOT NULL,
  `programas_atencion_obesidad` varchar(255) COLLATE utf8mb4_unicode_ci NOT NULL,
  `programas_atencion_diabetes` varchar(255) COLLATE utf8mb4_unicode_ci NOT NULL,
  `programas_atencion_hta` varchar(255) COLLATE utf8mb4_unicode_ci NOT NULL,
  `procesos_atencion_deteccion_temprana_cancer` varchar(255) COLLATE utf8mb4_unicode_ci NOT NULL,
  `enfoque_diferencial_procesos_atencion` varchar(255) COLLATE utf8mb4_unicode_ci NOT NULL,
  `Codigorandom` bigint(20) DEFAULT NULL,
  `created_at` timestamp NULL DEFAULT NULL,
  `updated_at` timestamp NULL DEFAULT NULL
) ENGINE=InnoDB DEFAULT CHARSET=utf8mb4 COLLATE=utf8mb4_unicode_ci;

--
-- Índices para tablas volcadas
--

--
-- Indices de la tabla `departamentos`
--
ALTER TABLE `departamentos`
  ADD PRIMARY KEY (`id`);

--
-- Indices de la tabla `failed_jobs`
--
ALTER TABLE `failed_jobs`
  ADD PRIMARY KEY (`id`),
  ADD UNIQUE KEY `failed_jobs_uuid_unique` (`uuid`);

--
-- Indices de la tabla `migrations`
--
ALTER TABLE `migrations`
  ADD PRIMARY KEY (`id`);

--
-- Indices de la tabla `municipios`
--
ALTER TABLE `municipios`
  ADD PRIMARY KEY (`id`);

--
-- Indices de la tabla `password_resets`
--
ALTER TABLE `password_resets`
  ADD KEY `password_resets_email_index` (`email`);

--
-- Indices de la tabla `personal_access_tokens`
--
ALTER TABLE `personal_access_tokens`
  ADD PRIMARY KEY (`id`),
  ADD UNIQUE KEY `personal_access_tokens_token_unique` (`token`),
  ADD KEY `personal_access_tokens_tokenable_type_tokenable_id_index` (`tokenable_type`,`tokenable_id`);

--
-- Indices de la tabla `preguntas`
--
ALTER TABLE `preguntas`
  ADD PRIMARY KEY (`id`);

--
-- Indices de la tabla `respuestas`
--
ALTER TABLE `respuestas`
  ADD PRIMARY KEY (`id`),
  ADD KEY `respuestas_id_pregunta_foreign` (`id_pregunta`);

--
-- Indices de la tabla `tipo_documento`
--
ALTER TABLE `tipo_documento`
  ADD PRIMARY KEY (`ID_TIPO_DOCUMENTO`);

--
-- Indices de la tabla `tipo_usuarios`
--
ALTER TABLE `tipo_usuarios`
  ADD PRIMARY KEY (`ID_TIPO_USUARIO`);

--
-- Indices de la tabla `users`
--
ALTER TABLE `users`
  ADD PRIMARY KEY (`id`),
  ADD UNIQUE KEY `users_documento_unique` (`Documento`),
  ADD UNIQUE KEY `users_correo_unique` (`Correo`),
  ADD UNIQUE KEY `users_usuario_unique` (`Usuario`);

--
-- Indices de la tabla `users_inscriptions`
--
ALTER TABLE `users_inscriptions`
  ADD PRIMARY KEY (`id`),
  ADD UNIQUE KEY `users_inscriptions_nit_unique` (`nit`),
  ADD UNIQUE KEY `users_inscriptions_email_unique` (`email`);

--
-- AUTO_INCREMENT de las tablas volcadas
--

--
-- AUTO_INCREMENT de la tabla `failed_jobs`
--
ALTER TABLE `failed_jobs`
  MODIFY `id` bigint(20) UNSIGNED NOT NULL AUTO_INCREMENT;

--
-- AUTO_INCREMENT de la tabla `migrations`
--
ALTER TABLE `migrations`
  MODIFY `id` int(10) UNSIGNED NOT NULL AUTO_INCREMENT, AUTO_INCREMENT=14;

--
-- AUTO_INCREMENT de la tabla `municipios`
--
ALTER TABLE `municipios`
  MODIFY `id` bigint(20) UNSIGNED NOT NULL AUTO_INCREMENT, AUTO_INCREMENT=1122;

--
-- AUTO_INCREMENT de la tabla `personal_access_tokens`
--
ALTER TABLE `personal_access_tokens`
  MODIFY `id` bigint(20) UNSIGNED NOT NULL AUTO_INCREMENT;

--
-- AUTO_INCREMENT de la tabla `preguntas`
--
ALTER TABLE `preguntas`
  MODIFY `id` bigint(20) UNSIGNED NOT NULL AUTO_INCREMENT, AUTO_INCREMENT=67;

--
-- AUTO_INCREMENT de la tabla `respuestas`
--
ALTER TABLE `respuestas`
  MODIFY `id` bigint(20) UNSIGNED NOT NULL AUTO_INCREMENT, AUTO_INCREMENT=63;

--
-- AUTO_INCREMENT de la tabla `tipo_documento`
--
ALTER TABLE `tipo_documento`
  MODIFY `ID_TIPO_DOCUMENTO` int(11) NOT NULL AUTO_INCREMENT, AUTO_INCREMENT=7;

--
-- AUTO_INCREMENT de la tabla `tipo_usuarios`
--
ALTER TABLE `tipo_usuarios`
  MODIFY `ID_TIPO_USUARIO` int(11) NOT NULL AUTO_INCREMENT, AUTO_INCREMENT=4;

--
-- AUTO_INCREMENT de la tabla `users`
--
ALTER TABLE `users`
  MODIFY `id` bigint(20) UNSIGNED NOT NULL AUTO_INCREMENT, AUTO_INCREMENT=65;

--
-- AUTO_INCREMENT de la tabla `users_inscriptions`
--
ALTER TABLE `users_inscriptions`
  MODIFY `id` bigint(20) UNSIGNED NOT NULL AUTO_INCREMENT, AUTO_INCREMENT=48;

--
-- Restricciones para tablas volcadas
--

--
-- Filtros para la tabla `respuestas`
--
ALTER TABLE `respuestas`
  ADD CONSTRAINT `respuestas_id_pregunta_foreign` FOREIGN KEY (`id_pregunta`) REFERENCES `preguntas` (`id`) ON DELETE CASCADE;
COMMIT;

/*!40101 SET CHARACTER_SET_CLIENT=@OLD_CHARACTER_SET_CLIENT */;
/*!40101 SET CHARACTER_SET_RESULTS=@OLD_CHARACTER_SET_RESULTS */;
/*!40101 SET COLLATION_CONNECTION=@OLD_COLLATION_CONNECTION */;
